{"cameraMode":{"drawMode":0,"name":"Shaded","section":"Shading Mode"},"sceneLighting":true,"audioPlay":false,"sceneViewState":{"m_AlwaysRefresh":false,"showFog":true,"showSkybox":true,"showFlares":true,"showImageEffects":true,"showParticleSystems":true,"showVisualEffectGraphs":true,"m_FxEnabled":true},"in2DMode":false,"pivot":{"x":180.0919189453125,"y":225.56475830078126,"z":5.1158294677734379},"rotation":{"x":-0.012309037148952484,"y":0.006596264895051718,"z":-0.00008039851672947407,"w":-0.9999065399169922},"size":374.8475341796875,"orthographic":false}